{"stars":[{"name":"Star-0","color":"#FFFAA0","mass":15000,"radius":10000,"types":[],"position":[-19621.194065098873,-16795.700294797338],"velocity":[0.328885674470817,0.04483581974239151]}],"planets":[{"name":"Planet-1","color":"#92ff9c","mass":1500,"radius":1000,"types":[],"position":[113393.54348397534,20523.647566884847],"velocity":[-2.3906626371885347,10.618550690012281]}],"moons":[{"name":"Moon-2","color":"#c9c9c9","mass":500,"radius":300,"types":[],"position":[114701.39635396008,16025.815488478123],"velocity":[-2.6945823225589027,7.799273337691409]}],"blackholes":[]}